question_text,option_a,option_b,option_c,option_d,correct_option,explanation,subject,chapter,topic,difficulty,ncert_class,ncert_page,tags,source_type,source_year,custom_eligible,question_image,option_a_image,option_b_image,option_c_image,option_d_image,explanation_image,question_image_alt,question_id
Which of the following is known as the 'amphibians of the plant kingdom'?,Algae,Bryophytes,Pteridophytes,Gymnosperms,B,"Bryophytes need water for fertilization but also grow on land, giving them the name 'amphibians of the plant kingdom'.",Botany,Plants,,easy,11,,classification|bryophytes,qbank,,true,,,,,,,,
Which group of plants bears naked seeds not enclosed in fruits?,Angiosperms,Gymnosperms,Pteridophytes,Bryophytes,B,"Gymnosperms produce seeds that are not enclosed within a fruit, hence the name 'naked-seeded' plants.",Botany,Plants,,easy,11,,classification|gymnosperms,qbank,,true,,,,,,,,
"The dominant, photosynthetic phase in the life cycle of a moss is the:",Sporophyte,Gametophyte,Zygote,Spore,B,"In bryophytes like mosses, the gametophyte is the dominant, green, photosynthetic phase of the life cycle.",Botany,Plants,,medium,11,,classification|bryophytes,qbank,,true,,,,,,,,
Which of these is a characteristic feature of pteridophytes?,Seeds enclosed in fruits,Vascular tissue with no seed formation,Absence of vascular tissue,Flowers and fruits,B,Pteridophytes are vascular plants (having xylem and phloem) that reproduce by spores rather than seeds.,Botany,Plants,,medium,11,,classification|pteridophytes,qbank,,true,,,,,,,,
Double fertilization is a unique feature of:,Bryophytes,Pteridophytes,Gymnosperms,Angiosperms,D,"In angiosperms, one male gamete fuses with the egg (fertilization) and another fuses with the secondary nucleus (triple fusion), together called double fertilization.",Botany,Plants,,hard,11,,classification|angiosperms,pyq,2021,true,,,,,,,,
The part of the flower that develops into the fruit after fertilization is the:,Sepal,Petal,Ovary,Stamen,C,"After fertilization, the ovary develops into the fruit while the ovules develop into seeds.",Botany,Plants,,easy,11,,morphology|flower,qbank,,true,,,,,,,,
Which root modification is seen in carrot?,Fibrous root,Tap root - fusiform,Tap root - napiform,Adventitious root,B,"Carrot has a fusiform tap root, which is swollen in the middle and tapers at both ends.",Botany,Plants,,medium,11,,morphology|root,qbank,,true,,,,,,,,
Venation in which of the following is reticulate?,Grasses,Banana,Mango leaf,Wheat,C,"Dicot leaves like mango show reticulate (net-like) venation, unlike the parallel venation of monocots such as grasses.",Botany,Plants,,easy,11,,morphology|leaf,qbank,,true,,,,,,,,
The arrangement of leaves on a stem or its branches is termed:,Vernation,Phyllotaxy,Aestivation,Placentation,B,"Phyllotaxy describes the pattern of leaf arrangement on the stem, which may be alternate, opposite, or whorled.",Botany,Plants,,medium,11,,morphology|leaf,qbank,,true,,,,,,,,
A racemose inflorescence differs from a cymose inflorescence in that:,The apex continues to grow and produce flowers laterally,The apex terminates in a flower,It has no main axis,It bears only one flower,A,"In racemose inflorescence, the growing apex is not used up, so it continues to elongate and produce flowers laterally in an acropetal succession.",Botany,Plants,,hard,11,,morphology|inflorescence,qbank,,true,,,,,,,,
The light-dependent reactions of photosynthesis take place in the:,Stroma,Thylakoid membrane,Mitochondrial matrix,Cytoplasm,B,The thylakoid membrane houses the photosystems and electron transport chain needed for the light reactions.,Botany,Plants,,easy,11,,photosynthesis,qbank,,true,,,,,,,,
Which pigment is primarily responsible for absorbing light energy in the light reaction?,Carotene,Xanthophyll,Chlorophyll a,Anthocyanin,C,Chlorophyll a is the primary pigment at the reaction centre of both photosystems that converts light energy to chemical energy.,Botany,Plants,,easy,11,,photosynthesis|pigments,qbank,,true,,,,,,,,
The enzyme RuBisCO is involved in fixing which molecule during the Calvin cycle?,Oxygen,Carbon dioxide,Water,Nitrogen,B,RuBisCO (ribulose bisphosphate carboxylase-oxygenase) catalyses the fixation of CO2 onto RuBP in the Calvin cycle.,Botany,Plants,,medium,11,,photosynthesis|calvin cycle,qbank,,true,,,,,,,,
"C4 plants show an adaptation called Kranz anatomy, which involves:",Bundle sheath cells with large chloroplasts around the vein,Absence of stomata,Only mesophyll cells with chloroplasts,Loss of the Calvin cycle,A,"Kranz anatomy refers to the arrangement of large chloroplast-containing bundle sheath cells around the vascular bundle, a hallmark of C4 plants.",Botany,Plants,,hard,11,,photosynthesis|c4,qbank,,true,,,,,,,,
"The splitting of water molecules during photosynthesis, releasing oxygen, is called:",Photorespiration,Photolysis,Chemiosmosis,Photophosphorylation,B,"Photolysis is the light-driven splitting of water into hydrogen ions, electrons and oxygen, which is released as a byproduct.",Botany,Plants,,medium,11,,photosynthesis,qbank,,true,,,,,,,,
"The first step of cellular respiration, glycolysis, occurs in the:",Mitochondrial matrix,Cytoplasm,Chloroplast,Nucleus,B,"Glycolysis, the breakdown of glucose to pyruvate, occurs in the cytoplasm of the cell.",Botany,Plants,,easy,11,,respiration|glycolysis,qbank,,true,,,,,,,,
The Krebs cycle takes place in the:,Cytoplasm,Mitochondrial matrix,Thylakoid,Peroxisome,B,"The Krebs (citric acid) cycle occurs in the mitochondrial matrix, producing NADH, FADH2 and CO2.",Botany,Plants,,easy,11,,respiration|krebs cycle,qbank,,true,,,,,,,,
Anaerobic respiration in plant cells typically produces:,Carbon dioxide and water,Ethanol and carbon dioxide,Oxygen and glucose,"ATP only, no byproducts",B,"In the absence of oxygen, plant cells carry out fermentation, converting pyruvate to ethanol and carbon dioxide.",Botany,Plants,,medium,11,,respiration|fermentation,qbank,,true,,,,,,,,
The respiratory quotient (RQ) for the complete oxidation of a fatty acid is:,1.0,Greater than 1,Less than 1,0,C,"Fatty acids are relatively poor in oxygen compared to carbohydrates, so their oxidation has an RQ of less than 1.",Botany,Plants,,hard,11,,respiration|RQ,qbank,,true,,,,,,,,
Water movement through the xylem is best explained by the:,Pressure flow hypothesis,Cohesion-tension theory,Munch hypothesis,Osmotic theory,B,"The cohesion-tension theory explains ascent of sap through the transpiration pull created at the leaf, combined with the cohesive properties of water molecules.",Botany,Plants,,medium,11,,transport|xylem,qbank,,true,,,,,,,,
Translocation of sugars in phloem occurs mainly in the form of:,Glucose,Sucrose,Starch,Fructose,B,Sucrose is the primary sugar transported through the phloem from source tissues (leaves) to sink tissues.,Botany,Plants,,medium,11,,transport|phloem,qbank,,true,,,,,,,,
The loss of water in the form of liquid droplets from the margins of leaves is called:,Transpiration,Guttation,Translocation,Exudation,B,"Guttation is the exudation of liquid water from leaf margins or tips, typically under conditions of high root pressure.",Botany,Plants,,hard,11,,transport|guttation,qbank,,true,,,,,,,,
Stomatal opening and closing is primarily regulated by changes in the:,Turgor pressure of guard cells,Chlorophyll content of guard cells,Number of chloroplasts in the epidermis,Cell wall thickness of epidermal cells,A,"Guard cells swell or shrink due to changes in turgor pressure, which opens or closes the stomatal pore.",Botany,Plants,,medium,11,,transport|stomata,qbank,,true,,,,,,,,
The phenomenon by which water moves up the plant due to root pressure pushing xylem sap upward is most significant in:,Tall trees during the day,Small herbaceous plants at night,Aquatic plants,Xerophytes,B,"Root pressure contributes to water movement mainly in small plants, especially at night when transpiration is low.",Botany,Plants,,hard,11,,transport|root pressure,qbank,,true,,,,,,,,
Which plant hormone is primarily responsible for apical dominance?,Gibberellin,Auxin,Cytokinin,Ethylene,B,"Auxin produced at the shoot apex suppresses the growth of lateral (axillary) buds, a phenomenon called apical dominance.",Botany,Plants,,medium,11,,hormones|auxin,qbank,,true,,,,,,,,
Which hormone is responsible for the ripening of fruits?,Auxin,Abscisic acid,Ethylene,Cytokinin,C,"Ethylene, a gaseous plant hormone, triggers the ripening process in many fruits.",Botany,Plants,,easy,11,,hormones|ethylene,qbank,,true,,,,,,,,
Gibberellins are commercially used to:,Delay seed germination,Increase length of grapes and bolting in beet,Promote leaf fall,Close stomata during drought,B,Gibberellins are used commercially to increase fruit size (as in seedless grapes) and to induce bolting/flowering in beet and cabbage.,Botany,Plants,,hard,11,,hormones|gibberellin,qbank,,true,,,,,,,,
Which hormone is known as the 'stress hormone' in plants due to its role during water deficit?,Auxin,Abscisic acid,Cytokinin,Gibberellin,B,"Abscisic acid (ABA) accumulates during water stress and promotes stomatal closure, earning it the name 'stress hormone'.",Botany,Plants,,medium,11,,hormones|ABA,qbank,,true,,,,,,,,
Cytokinins are primarily involved in promoting:,Cell elongation,Cell division,Fruit ripening,Stomatal closure,B,Cytokinins promote cytokinesis (cell division) and are especially important in tissue culture and delaying senescence.,Botany,Plants,,medium,11,,hormones|cytokinin,qbank,,true,,,,,,,,
Which macronutrient is a key component of chlorophyll?,Iron,Magnesium,Zinc,Manganese,B,Magnesium is a central atom in the chlorophyll molecule and is essential for photosynthesis.,Botany,Plants,,medium,11,,nutrition|macronutrients,qbank,,true,,,,,,,,
Nitrogen fixation in leguminous plants is carried out with the help of the bacterium:,Nitrosomonas,Rhizobium,Nitrobacter,Azotobacter,B,Rhizobium bacteria form symbiotic nodules on the roots of leguminous plants and fix atmospheric nitrogen into usable forms.,Botany,Plants,,easy,11,,nutrition|nitrogen fixation,qbank,,true,,,,,,,,
Deficiency of which nutrient causes chlorosis in young leaves first?,Nitrogen,Iron,Potassium,Phosphorus,B,"Iron is required for chlorophyll synthesis but is not easily mobile within the plant, so its deficiency shows first in young leaves.",Botany,Plants,,hard,11,,nutrition|deficiency,qbank,,true,,,,,,,,
Which of these is classified as a micronutrient essential for plant growth?,Nitrogen,Potassium,Zinc,Calcium,C,"Zinc is required in very small (micro) quantities by plants, unlike macronutrients such as nitrogen, potassium and calcium.",Botany,Plants,,easy,11,,nutrition|micronutrients,qbank,,true,,,,,,,,
The transfer of pollen grains from the anther to the stigma of the same flower is called:,Cross pollination,Self pollination,Xenogamy,Geitonogamy,B,Self pollination (autogamy) is the transfer of pollen from the anther to the stigma of the same flower.,Botany,Plants,,easy,11,,reproduction|pollination,qbank,,true,,,,,,,,
The structure that develops from the fertilized ovule is the:,Fruit,Seed,Endosperm,Pericarp,B,"After fertilization, the ovule develops into a seed, containing the embryo and stored food.",Botany,Plants,,easy,11,,reproduction|seed,qbank,,true,,,,,,,,
Triple fusion in angiosperms results in the formation of the:,Zygote,Endosperm,Embryo,Suspensor,B,"Triple fusion, where a male gamete fuses with the two polar nuclei, forms the triploid endosperm that nourishes the developing embryo.",Botany,Plants,,hard,11,,reproduction|fertilization,qbank,,true,,,,,,,,
"Vegetative propagation using a part of the stem with nodes, as in sugarcane, is an example of:",Sexual reproduction,Asexual reproduction,Apomixis,Parthenocarpy,B,"Propagation through stem cuttings (as in sugarcane) is a form of asexual (vegetative) reproduction, producing genetically identical offspring.",Botany,Plants,,medium,11,,reproduction|vegetative,qbank,,true,,,,,,,,
Apomixis refers to:,Formation of seeds without fertilization,Fusion of two male gametes,Development of fruit without seed formation,Loss of pollen viability,A,"Apomixis is a form of asexual reproduction in which seeds are formed without the fusion of gametes, producing clonal offspring.",Botany,Plants,,hard,11,,reproduction|apomixis,pyq,2020,true,,,,,,,,
